SNP_Name	CB_Branch	POS_hg19	REF	ALT
ZS222	CB-01	2709209	T	C
BY32807	CB-01	22431087	A	T
BZ4063	CB-01	14175863	T	A
FGC13862	CB-01	7737112	G	T
FGC13864	CB-01	21287064	C	A
FGC13867	CB-01	8481671	G	T
FGC13874	CB-01	16757719	G	A
FGC13876	CB-01	16218220	G	A
FGC13877	CB-01	14253667	G	T
FGC13893	CB-01	28813604	T	C
FT2417	CB-01	3049962	T	C
S10608	CB-01	7751938	G	T
S18003	CB-01	16229055	C	T
S19350	CB-01	17205362	G	A
Y5408	CB-01	28633695	G	A
ZS225	CB-01	14739764	C	T
ZS228	CB-01	23207674	A	C
ZS231	CB-01	7833897	G	T
ZS238	CB-01	17652477	C	A
ZS2401	CB-01	14933771	T	G
ZS2402	CB-01	22544339	G	A
ZS2405	CB-01	23094025	A	G
ZS243	CB-01	22479461	T	G
ZS2438	CB-01	14102079	C	A
BY8508	CB-02	7849140	C	T
BY8503	CB-02	19237837	A	G
BY8510	CB-02	8387709	G	A
BY8522	CB-02	9818700	T	C
FT88282	CB-02	3344307	T	C
FT88686	CB-02	4965645	C	T
FT88756	CB-02	5275435	A	G
FT89282	CB-02	14575959	G	A
FT89467	CB-02	17382295	G	T
Y182950	CB-02	5815519	G	T
Y182994	CB-02	13505306	A	G
FGC4992	CB-03	19342008	G	A
BY37645	CB-03	13703786	C	A
BY37646	CB-03	20839794	A	T
FGC13812	CB-03	2767667	T	C
FGC13815	CB-03	16277171	T	C
FGC13816	CB-03	22273064	G	T
FGC4918	CB-03	3241844	G	C
FGC4920	CB-03	9077757	G	A
FGC4921	CB-03	2733593	A	C
FGC4922	CB-03	2923568	A	G
FGC4923	CB-03	3394902	A	G
FGC4924	CB-03	3603369	C	G
FGC4925	CB-03	3620824	C	G
FGC4926	CB-03	4592234	T	C
FGC4927	CB-03	4891813	T	C
FGC4928	CB-03	5062512	A	G
FGC4930	CB-03	5299305	A	G
FGC4932	CB-03	5596291	C	T
FGC4934	CB-03	6104627	A	G
FGC4937	CB-03	6524005	T	G
FGC4938	CB-03	6595492	T	G
FGC4940	CB-03	6711238	C	A
FGC4941	CB-03	6734052	T	C
FGC4943	CB-03	7016986	A	C
FGC4944	CB-03	7263535	C	T
FGC4945	CB-03	7287338	C	T
FGC4946	CB-03	7682626	G	C
FGC4949	CB-03	8454193	A	G
FGC4951	CB-03	8483140	G	T
FGC4953	CB-03	8546796	C	T
FGC4955	CB-03	8871399	C	T
FGC4957	CB-03	9096545	A	C
FGC4958	CB-03	9852528	T	C
FGC4959	CB-03	10083758	T	C
FGC4960	CB-03	13203390	G	A
FGC4963	CB-03	13850750	T	C
FGC4964	CB-03	14235839	G	A
FGC4965	CB-03	14341228	A	T
FGC4966	CB-03	14575895	G	C
FGC4967	CB-03	14584483	T	C
FGC4970	CB-03	15409477	C	T
FGC4971	CB-03	15758017	A	G
FGC4973	CB-03	15854891	A	G
FGC4975	CB-03	15995630	C	A
FGC4976	CB-03	16021029	A	C
FGC4978	CB-03	16317975	C	A
FGC4979	CB-03	16524637	G	C
FGC4980	CB-03	17048758	G	A
FGC4982	CB-03	17251262	T	A
FGC4983	CB-03	17445047	A	G
FGC4986	CB-03	18033584	C	T
FGC4987	CB-03	18042952	G	A
FGC4988	CB-03	18600354	G	T
FGC4990	CB-03	19218543	G	A
FGC4991	CB-03	19303988	G	T
FGC4993	CB-03	19351751	T	C
FGC4994	CB-03	19394365	G	A
FGC4996	CB-03	20065251	G	A
FGC4997	CB-03	21124408	G	A
FGC4998	CB-03	21335052	A	T
FGC5001	CB-03	21793135	G	T
FGC5002	CB-03	21800491	G	T
FGC5006	CB-03	22799543	T	C
FGC5009	CB-03	23404826	A	T
FGC5012	CB-03	23843039	A	C
FGC5013	CB-03	28698496	A	G
FGC5014	CB-03	28725145	T	C
FGC7971	CB-03	2931492	T	C
FT8006	CB-03	5653208	C	T
Z38406	CB-03	20839798	A	T
Z38407	CB-03	20985217	G	A
Y142210	CB-04	23581313	A	C
FT395688	CB-04	9885117	C	T
Y142165	CB-04	15569985	C	G
Y142176	CB-04	21603684	C	T
Y142178	CB-04	17380912	G	T
Y222185	CB-04	22587803	A	G
Y33799	CB-05	7549056	G	T
BY37588	CB-05	22437454	G	A
FT64909	CB-05	6044233	C	A
FGC36759	CB-06	18253002	G	A
BY38945	CB-06	22463915	G	C
FGC36761	CB-06	19032087	C	T
FGC36770	CB-06	22262806	C	G
FGC39477	CB-06	3582976	C	G
FGC18384	CB-07	14562598	G	C
FGC18354	CB-07	2797763	A	G
FGC18357	CB-07	3919601	A	T
FGC18359	CB-07	4158461	T	C
FGC18381	CB-07	14093424	G	A
FGC18387	CB-07	14910048	G	A
FGC18400	CB-07	17607646	G	T
FGC18409	CB-07	19247446	A	G
FGC18411	CB-07	21106563	T	G
FGC18414	CB-07	21868171	G	A
FT441933	CB-07	13256248	T	A
Y125592	CB-08	14692659	G	A
C126054	CB-08	4919439	A	G
Y125597	CB-08	15584524	T	C
FTF36387	CB-09	18679277	A	G
A37301	CB-09	7412015	C	T
A37302	CB-09	15176229	G	A
A37304	CB-09	15651967	G	A
A37306	CB-09	17223937	T	G
A37307	CB-09	18185561	C	T
A37309	CB-09	21407957	A	T
A37311	CB-09	22649391	C	G
A37312	CB-09	22815748	A	G
A37313	CB-09	24479331	T	A
A37314	CB-09	28522334	A	T
FT99538	CB-09	18782079	A	T
FTC71738	CB-09	6137616	C	T
FTF36373	CB-09	6625519	G	T
FTF36378	CB-09	9450256	C	T
FTF36386	CB-09	17784227	C	T
FTF36388	CB-09	21166632	G	T
FTF36389	CB-09	21793828	C	T
FTF36390	CB-09	21793831	T	A
FTF36391	CB-09	22549248	G	A
FTF36394	CB-09	23299372	G	A
FTF48396	CB-09	3300691	A	C
FTF48452	CB-09	3421960	A	G
FTF48542	CB-09	3616915	G	T
FTF70675	CB-09	5569920	G	A
FTF70679	CB-09	13134443	A	G
